#Device,HMC8015
#Device Name,
#Date,2018-07-12
#Logging Interval[s],0.100
#Actual Count,781         
URMS[V],IRMS[A],P[W],FPLL[Hz],WH[Wh],IRange[A],S[VA],Q[var],LAMBDA[],UTHD[%],Timestamp
231.95,148.83E-03,13.914,49.983,,200E-03,34.521,31.593,0.403,3.51,14:11:47.000
231.98,148.70E-03,13.912,49.983,,200E-03,34.494,31.564,0.403,3.57,14:11:47.100
231.96,148.82E-03,13.928,49.981,,200E-03,34.520,31.585,0.403,3.55,14:11:47.200
232.02,148.61E-03,13.931,49.982,,200E-03,34.480,31.540,0.404,3.49,14:11:47.300
232.04,149.04E-03,14.006,49.979,,200E-03,34.585,31.622,0.405,3.54,14:11:47.400
232.10,148.58E-03,13.927,49.981,,200E-03,34.486,31.548,0.404,3.55,14:11:47.500
232.08,148.30E-03,13.928,49.980,,200E-03,34.417,31.473,0.405,3.53,14:11:47.600
232.08,148.53E-03,13.930,49.978,,200E-03,34.471,31.531,0.404,3.54,14:11:47.700
232.00,148.27E-03,13.882,49.980,,200E-03,34.397,31.472,0.404,3.52,14:11:47.800
232.05,148.19E-03,13.902,49.981,,200E-03,34.386,31.450,0.404,3.51,14:11:47.900
232.03,148.10E-03,13.887,49.980,,200E-03,34.363,31.431,0.404,3.54,14:11:48.000
231.98,inf,inf,49.981,,200E-03,inf,inf,inf,3.52,14:11:48.100
nan,nan,nan,nan,,1,nan,nan,nan,nan,14:11:48.200
nan,nan,nan,nan,,1,nan,nan,nan,nan,14:11:48.300
nan,nan,nan,nan,,1,nan,nan,nan,nan,14:11:48.400
229.81,inf,inf,49.977,,1,inf,inf,inf,3.52,14:11:48.500
nan,nan,nan,nan,,5,nan,nan,nan,nan,14:11:48.600
nan,nan,nan,nan,,5,nan,nan,nan,nan,14:11:48.700
nan,nan,nan,nan,,5,nan,nan,nan,nan,14:11:48.800
227.66,4.9906,1.1343E+03,49.974,,5,1.1362E+03,0.0657E+03,0.998,3.66,14:11:48.900
227.67,4.9812,1.1321E+03,49.975,,5,1.1341E+03,0.0672E+03,0.998,3.52,14:11:49.000
227.55,4.9731,1.1296E+03,49.974,,5,1.1316E+03,0.0681E+03,0.998,3.53,14:11:49.100
227.55,4.9639,1.1275E+03,49.976,,5,1.1295E+03,0.0683E+03,0.998,3.50,14:11:49.200
227.55,4.9583,1.1261E+03,49.976,,5,1.1282E+03,0.0698E+03,0.998,3.54,14:11:49.300
227.49,4.9453,1.1228E+03,49.980,,5,1.1250E+03,0.0698E+03,0.998,3.54,14:11:49.400
227.42,4.9292,1.1188E+03,49.980,,5,1.1210E+03,0.0707E+03,0.998,3.51,14:11:49.500
227.51,4.8726,1.1071E+03,49.982,,5,1.1086E+03,0.0570E+03,0.999,3.50,14:11:49.600
227.52,4.8595,1.1042E+03,49.986,,5,1.1056E+03,0.0552E+03,0.999,3.51,14:11:49.700
227.52,4.8516,1.1025E+03,49.985,,5,1.1038E+03,0.0551E+03,0.999,3.50,14:11:49.800
227.50,4.8360,1.0988E+03,49.987,,5,1.1002E+03,0.0548E+03,0.999,3.52,14:11:49.900
227.48,4.8286,1.0971E+03,49.984,,5,1.0984E+03,0.0547E+03,0.999,3.51,14:11:50.000
227.42,4.8195,1.0947E+03,49.984,,5,1.0961E+03,0.0543E+03,0.999,3.52,14:11:50.100
227.45,4.8130,1.0934E+03,49.982,,5,1.0947E+03,0.0541E+03,0.999,3.51,14:11:50.200
227.53,4.8039,1.0917E+03,49.983,,5,1.0930E+03,0.0545E+03,0.999,3.50,14:11:50.300
227.59,4.7987,1.0908E+03,49.984,,5,1.0921E+03,0.0544E+03,0.999,3.50,14:11:50.400
227.63,4.7949,1.0901E+03,49.986,,5,1.0915E+03,0.0545E+03,0.999,3.52,14:11:50.500
227.91,4.6499,1.0264E+03,49.985,,5,1.0598E+03,0.2638E+03,0.969,3.62,14:11:50.600
228.49,4.2806,0.8842E+03,49.982,,5,0.9781E+03,0.4182E+03,0.904,3.64,14:11:50.700
228.80,4.0717,0.7975E+03,49.985,,5,0.9316E+03,0.4815E+03,0.856,3.56,14:11:50.800
229.17,3.7885,0.7104E+03,49.987,,5,0.8682E+03,0.4991E+03,0.818,3.52,14:11:50.900
229.38,3.6245,0.6580E+03,49.984,,5,0.8314E+03,0.5082E+03,0.791,3.47,14:11:51.000
229.66,3.3774,0.5787E+03,49.983,,5,0.7757E+03,0.5165E+03,0.746,3.47,14:11:51.100
230.12,3.0118,0.4641E+03,49.981,,5,0.6931E+03,0.5148E+03,0.670,3.60,14:11:51.200
229.73,3.3480,0.5625E+03,49.982,,5,0.7692E+03,0.5246E+03,0.731,3.47,14:11:51.300
230.26,2.8769,0.4299E+03,49.983,,5,0.6624E+03,0.5040E+03,0.649,3.49,14:11:51.400
230.20,2.8710,0.4282E+03,49.985,,5,0.6609E+03,0.5034E+03,0.648,3.53,14:11:51.500
229.64,3.3483,0.5621E+03,49.986,,5,0.7689E+03,0.5247E+03,0.731,3.47,14:11:51.600
230.19,2.8764,0.4298E+03,49.987,,5,0.6621E+03,0.5037E+03,0.649,3.55,14:11:51.700
229.63,3.3512,0.5626E+03,49.986,,5,0.7696E+03,0.5250E+03,0.731,3.64,14:11:51.800
229.60,3.3517,0.5626E+03,49.983,,5,0.7696E+03,0.5250E+03,0.731,3.54,14:11:51.900
230.17,2.8732,0.4286E+03,49.987,,5,0.6613E+03,0.5036E+03,0.648,3.49,14:11:52.000
229.62,3.3516,0.5625E+03,49.989,,5,0.7696E+03,0.5252E+03,0.731,3.48,14:11:52.100
230.17,2.8753,0.4292E+03,49.989,,5,0.6618E+03,0.5038E+03,0.648,3.56,14:11:52.200
230.13,2.8741,0.4287E+03,49.990,,5,0.6614E+03,0.5037E+03,0.648,3.51,14:11:52.300
229.54,3.3686,0.5653E+03,49.988,,5,0.7732E+03,0.5275E+03,0.731,3.47,14:11:52.400
229.81,3.2078,0.5136E+03,49.986,,5,0.7372E+03,0.5288E+03,0.697,3.57,14:11:52.500
229.82,3.1510,0.5209E+03,49.983,,5,0.7242E+03,0.5030E+03,0.719,3.43,14:11:52.600
228.50,4.1932,0.8443E+03,49.980,,5,0.9581E+03,0.4530E+03,0.881,3.49,14:11:52.700
228.50,4.1637,0.8372E+03,49.977,,5,0.9514E+03,0.4519E+03,0.880,3.54,14:11:52.800
227.78,4.6820,1.0180E+03,49.977,,5,1.0665E+03,0.3178E+03,0.955,3.58,14:11:52.900
227.77,4.6748,1.0164E+03,49.977,,5,1.0648E+03,0.3173E+03,0.955,3.58,14:11:53.000
227.84,4.5757,0.9878E+03,49.978,,5,1.0425E+03,0.3334E+03,0.948,3.53,14:11:53.100
227.80,4.6110,0.9979E+03,49.977,,5,1.0504E+03,0.3279E+03,0.950,3.51,14:11:53.200
228.16,4.3987,0.9126E+03,49.974,,5,1.0036E+03,0.4176E+03,0.909,3.52,14:11:53.300
228.25,4.3159,0.8862E+03,49.973,,5,0.9851E+03,0.4304E+03,0.900,3.50,14:11:53.400
228.66,4.0981,0.8087E+03,49.970,,5,0.9371E+03,0.4735E+03,0.863,3.50,14:11:53.500
228.89,3.9515,0.7537E+03,49.976,,5,0.9045E+03,0.4999E+03,0.833,3.56,14:11:53.600
229.00,3.8474,0.7276E+03,49.983,,5,0.8810E+03,0.4968E+03,0.826,3.51,14:11:53.700
229.14,3.6657,0.6764E+03,49.981,,5,0.8400E+03,0.4981E+03,0.805,3.55,14:11:53.800
229.37,3.5166,0.6241E+03,49.978,,5,0.8066E+03,0.5110E+03,0.774,3.51,14:11:53.900
229.31,3.5553,0.6381E+03,49.978,,5,0.8153E+03,0.5074E+03,0.783,3.56,14:11:54.000
229.64,3.2729,0.5559E+03,49.977,,5,0.7516E+03,0.5058E+03,0.740,3.58,14:11:54.100
229.50,3.4376,0.5999E+03,49.982,,5,0.7889E+03,0.5124E+03,0.760,3.39,14:11:54.200
229.56,3.4083,0.5819E+03,49.983,,5,0.7824E+03,0.5230E+03,0.744,3.47,14:11:54.300
229.96,3.0381,0.4769E+03,49.985,,5,0.6986E+03,0.5105E+03,0.683,3.45,14:11:54.400
229.84,3.1893,0.5188E+03,49.989,,5,0.7330E+03,0.5179E+03,0.708,3.50,14:11:54.500
230.24,2.8453,0.4202E+03,49.980,,5,0.6551E+03,0.5026E+03,0.641,3.53,14:11:54.600
230.35,2.7849,0.4069E+03,49.979,,5,0.6415E+03,0.4959E+03,0.634,3.48,14:11:54.700
229.52,3.4458,0.6052E+03,49.982,,5,0.7909E+03,0.5092E+03,0.765,3.52,14:11:54.800
229.97,3.1116,0.4983E+03,49.986,,5,0.7156E+03,0.5136E+03,0.696,3.48,14:11:54.900
229.47,3.4466,0.6054E+03,49.983,,5,0.7909E+03,0.5089E+03,0.765,3.34,14:11:55.000
229.48,3.4278,0.6051E+03,49.984,,5,0.7866E+03,0.5026E+03,0.769,3.54,14:11:55.100
229.88,3.2224,0.5409E+03,49.985,,5,0.7408E+03,0.5061E+03,0.730,3.56,14:11:55.200
229.69,3.4460,0.6059E+03,49.985,,5,0.7915E+03,0.5093E+03,0.765,3.51,14:11:55.300
229.95,3.2244,0.5412E+03,49.985,,5,0.7414E+03,0.5068E+03,0.730,3.70,14:11:55.400
229.89,3.2720,0.5546E+03,49.984,,5,0.7522E+03,0.5082E+03,0.737,3.48,14:11:55.500
229.51,3.5712,0.6412E+03,49.988,,5,0.8196E+03,0.5105E+03,0.782,3.53,14:11:55.600
229.84,3.2732,0.5543E+03,49.988,,5,0.7523E+03,0.5086E+03,0.737,3.57,14:11:55.700
229.29,3.5548,0.6408E+03,49.988,,5,0.8151E+03,0.5037E+03,0.786,3.48,14:11:55.800
229.33,3.5578,0.6288E+03,49.985,,5,0.8159E+03,0.5199E+03,0.771,3.51,14:11:55.900
229.17,3.6622,0.6721E+03,49.992,,5,0.8393E+03,0.5027E+03,0.801,3.53,14:11:56.000
229.10,3.6981,0.6796E+03,49.992,,5,0.8472E+03,0.5059E+03,0.802,3.48,14:11:56.100
229.00,3.7681,0.7053E+03,49.985,,5,0.8629E+03,0.4972E+03,0.817,3.51,14:11:56.200
228.83,3.9700,0.7568E+03,49.983,,5,0.9084E+03,0.5025E+03,0.833,3.48,14:11:56.300
228.73,4.0411,0.7827E+03,49.983,,5,0.9243E+03,0.4916E+03,0.847,3.56,14:11:56.400
228.76,4.0401,0.7824E+03,49.987,,5,0.9242E+03,0.4920E+03,0.847,3.61,14:11:56.500
228.70,4.1160,0.8119E+03,49.987,,5,0.9413E+03,0.4764E+03,0.862,3.51,14:11:56.600
228.64,4.1782,0.8418E+03,49.982,,5,0.9553E+03,0.4517E+03,0.881,3.45,14:11:56.700
228.68,4.1405,0.8324E+03,49.984,,5,0.9469E+03,0.4513E+03,0.879,3.52,14:11:56.800
230.58,2.6445,0.3711E+03,49.987,,5,0.6098E+03,0.4838E+03,0.609,3.49,14:11:56.900
231.74,0.8372,0.0712E+03,49.984,,5,0.1940E+03,0.1805E+03,0.367,3.49,14:11:57.000
231.72,0.8760,0.0828E+03,49.983,,5,0.2030E+03,0.1853E+03,0.408,3.51,14:11:57.100
230.76,2.3450,0.3170E+03,49.988,,5,0.5411E+03,0.4386E+03,0.586,3.51,14:11:57.200
231.01,2.1210,0.2604E+03,49.992,,5,0.4900E+03,0.4150E+03,0.532,3.57,14:11:57.300
230.47,2.5733,0.3636E+03,49.992,,5,0.5931E+03,0.4686E+03,0.613,3.52,14:11:57.400
230.38,2.5743,0.3637E+03,49.990,,5,0.5931E+03,0.4685E+03,0.613,3.56,14:11:57.500
230.84,2.1226,0.2597E+03,49.992,,5,0.4900E+03,0.4155E+03,0.530,3.50,14:11:57.600
230.38,2.5786,0.3646E+03,49.995,,5,0.5941E+03,0.4690E+03,0.614,3.52,14:11:57.700
231.01,2.1191,0.2614E+03,49.999,,5,0.4896E+03,0.4139E+03,0.534,3.34,14:11:57.800
231.23,2.1296,0.2617E+03,50.002,,5,0.4924E+03,0.4172E+03,0.531,3.46,14:11:57.900
230.77,2.5860,0.3659E+03,50.003,,5,0.5968E+03,0.4714E+03,0.613,3.46,14:11:58.000
231.20,2.1304,0.2616E+03,50.000,,5,0.4925E+03,0.4173E+03,0.531,3.45,14:11:58.100
230.74,2.5894,0.3666E+03,49.999,,5,0.5975E+03,0.4717E+03,0.614,3.23,14:11:58.200
231.57,1.5665,0.1616E+03,49.999,,5,0.3628E+03,0.3248E+03,0.445,3.37,14:11:58.300
231.56,1.4964,0.1486E+03,50.001,,5,0.3465E+03,0.3130E+03,0.429,3.46,14:11:58.400
231.55,1.5122,0.1577E+03,50.001,,5,0.3501E+03,0.3126E+03,0.450,3.48,14:11:58.500
231.18,2.0675,0.2508E+03,50.003,,5,0.4780E+03,0.4069E+03,0.525,3.50,14:11:58.600
231.27,2.0059,0.2373E+03,50.003,,5,0.4639E+03,0.3986E+03,0.512,3.38,14:11:58.700
230.84,2.4337,0.3304E+03,50.001,,5,0.5618E+03,0.4544E+03,0.588,3.48,14:11:58.800
230.95,2.2942,0.2991E+03,49.999,,5,0.5299E+03,0.4374E+03,0.565,3.47,14:11:58.900
230.28,2.9924,0.4580E+03,49.997,,5,0.6891E+03,0.5148E+03,0.665,3.51,14:11:59.000
228.63,4.2342,0.8535E+03,49.998,,5,0.9681E+03,0.4569E+03,0.882,3.45,14:11:59.100
228.60,4.2664,0.8590E+03,50.001,,5,0.9753E+03,0.4618E+03,0.881,3.37,14:11:59.200
228.63,4.2184,0.8498E+03,50.001,,5,0.9645E+03,0.4560E+03,0.881,3.44,14:11:59.300
228.60,4.2542,0.8568E+03,49.997,,5,0.9725E+03,0.4602E+03,0.881,3.49,14:11:59.400
228.92,4.0687,0.7892E+03,49.992,,5,0.9314E+03,0.4947E+03,0.847,3.37,14:11:59.500
229.08,3.9889,0.7617E+03,49.996,,5,0.9138E+03,0.5047E+03,0.834,3.48,14:11:59.600
229.20,3.8928,0.7385E+03,49.999,,5,0.8922E+03,0.5007E+03,0.828,3.51,14:11:59.700
229.37,3.7326,0.6893E+03,49.994,,5,0.8562E+03,0.5079E+03,0.805,3.42,14:11:59.800
229.59,3.5701,0.6318E+03,49.990,,5,0.8197E+03,0.5222E+03,0.771,3.46,14:11:59.900
229.62,3.5519,0.6317E+03,49.994,,5,0.8156E+03,0.5159E+03,0.775,3.52,14:12:00.000
229.54,3.5830,0.6434E+03,49.999,,5,0.8224E+03,0.5122E+03,0.782,3.43,14:12:00.100
229.89,3.2845,0.5568E+03,49.999,,5,0.7551E+03,0.5100E+03,0.737,3.66,14:12:00.200
229.91,3.2253,0.5392E+03,49.998,,5,0.7415E+03,0.5091E+03,0.727,3.45,14:12:00.300
228.98,3.9916,0.7620E+03,50.004,,5,0.9140E+03,0.5047E+03,0.834,3.52,14:12:00.400
228.61,4.2350,0.8603E+03,50.004,,5,0.9682E+03,0.4440E+03,0.889,3.51,14:12:00.500
228.47,4.4099,0.9115E+03,50.001,,5,1.0075E+03,0.4294E+03,0.905,3.51,14:12:00.600
228.18,4.6079,0.9968E+03,49.998,,5,1.0515E+03,0.3347E+03,0.948,3.51,14:12:00.700
228.17,4.6011,0.9952E+03,50.001,,5,1.0498E+03,0.3341E+03,0.948,3.49,14:12:00.800
228.17,4.6051,0.9962E+03,50.005,,5,1.0508E+03,0.3341E+03,0.948,3.50,14:12:00.900
228.28,4.5190,0.9699E+03,50.006,,5,1.0316E+03,0.3515E+03,0.940,3.42,14:12:01.000
228.31,4.4124,0.9164E+03,50.004,,5,1.0074E+03,0.4185E+03,0.910,3.56,14:12:01.100
228.50,4.3243,0.8888E+03,49.999,,5,0.9881E+03,0.4318E+03,0.899,3.59,14:12:01.200
228.63,4.2339,0.8626E+03,50.000,,5,0.9680E+03,0.4392E+03,0.891,3.44,14:12:01.300
228.67,4.2414,0.8630E+03,49.994,,5,0.9699E+03,0.4426E+03,0.890,3.41,14:12:01.400
229.00,4.0325,0.7822E+03,49.994,,5,0.9235E+03,0.4909E+03,0.847,3.43,14:12:01.500
229.13,3.9570,0.7556E+03,49.997,,5,0.9067E+03,0.5012E+03,0.833,3.51,14:12:01.600
229.24,3.8513,0.7295E+03,50.001,,5,0.8829E+03,0.4973E+03,0.826,3.55,14:12:01.700
229.24,3.8491,0.7286E+03,49.999,,5,0.8824E+03,0.4977E+03,0.826,3.54,14:12:01.800
229.32,3.7518,0.7030E+03,49.996,,5,0.8604E+03,0.4961E+03,0.817,3.46,14:12:01.900
229.31,3.7534,0.7034E+03,49.995,,5,0.8607E+03,0.4959E+03,0.817,3.50,14:12:02.000
229.32,3.7525,0.7030E+03,49.999,,5,0.8605E+03,0.4963E+03,0.817,3.36,14:12:02.100
229.32,3.7536,0.7034E+03,49.997,,5,0.8608E+03,0.4962E+03,0.817,3.51,14:12:02.200
229.21,3.8499,0.7285E+03,49.996,,5,0.8825E+03,0.4980E+03,0.826,3.43,14:12:02.300
229.18,3.8483,0.7281E+03,50.001,,5,0.8819E+03,0.4977E+03,0.826,3.49,14:12:02.400
229.16,3.8512,0.7288E+03,50.004,,5,0.8826E+03,0.4977E+03,0.826,3.55,14:12:02.500
230.88,2.4342,0.3153E+03,50.002,,5,0.5620E+03,0.4652E+03,0.561,3.47,14:12:02.600
232.01,0.3356,0.0407E+03,50.000,,5,0.0779E+03,0.0664E+03,0.522,3.47,14:12:02.700
231.36,1.8182,0.2102E+03,50.005,,5,0.4207E+03,0.3644E+03,0.500,3.51,14:12:02.800
231.26,1.9859,0.2340E+03,50.009,,5,0.4593E+03,0.3952E+03,0.509,3.59,14:12:02.900
230.92,2.4141,0.3280E+03,50.008,,5,0.5575E+03,0.4507E+03,0.588,3.28,14:12:03.000
230.89,2.4157,0.3280E+03,50.006,,5,0.5578E+03,0.4511E+03,0.588,3.60,14:12:03.100
231.27,1.9901,0.2350E+03,50.010,,5,0.4602E+03,0.3957E+03,0.511,3.53,14:12:03.200
230.89,2.4123,0.3270E+03,50.014,,5,0.5570E+03,0.4509E+03,0.587,3.48,14:12:03.300
231.28,1.9922,0.2353E+03,50.013,,5,0.4608E+03,0.3961E+03,0.511,3.49,14:12:03.400
231.26,1.9953,0.2360E+03,50.013,,5,0.4614E+03,0.3965E+03,0.511,3.41,14:12:03.500
230.87,2.4210,0.3290E+03,50.014,,5,0.5589E+03,0.4519E+03,0.589,3.49,14:12:03.600
231.27,1.9967,0.2361E+03,50.011,,5,0.4618E+03,0.3968E+03,0.511,3.61,14:12:03.700
230.85,2.4232,0.3292E+03,50.007,,5,0.5594E+03,0.4522E+03,0.589,3.30,14:12:03.800
231.38,1.7963,0.1971E+03,50.007,,5,0.4156E+03,0.3659E+03,0.474,3.62,14:12:03.900
231.56,1.4969,0.1487E+03,50.006,,5,0.3466E+03,0.3131E+03,0.429,3.48,14:12:04.000
231.58,1.4923,0.1483E+03,50.006,,5,0.3456E+03,0.3122E+03,0.429,3.45,14:12:04.100
231.51,1.5145,0.1610E+03,50.007,,5,0.3506E+03,0.3115E+03,0.459,3.53,14:12:04.200
231.23,2.0013,0.2362E+03,50.005,,5,0.4628E+03,0.3979E+03,0.510,3.47,14:12:04.300
230.84,2.4280,0.3294E+03,50.004,,5,0.5605E+03,0.4534E+03,0.588,3.49,14:12:04.400
231.17,2.0948,0.2541E+03,50.003,,5,0.4843E+03,0.4123E+03,0.525,3.46,14:12:04.500
230.12,3.1772,0.5080E+03,50.002,,5,0.7311E+03,0.5258E+03,0.695,3.41,14:12:04.600
229.21,3.9078,0.7405E+03,50.002,,5,0.8957E+03,0.5040E+03,0.827,3.46,14:12:04.700
228.94,4.0843,0.7922E+03,50.007,,5,0.9350E+03,0.4966E+03,0.847,3.52,14:12:04.800
228.78,4.1493,0.8191E+03,50.011,,5,0.9493E+03,0.4798E+03,0.863,3.72,14:12:04.900
228.77,4.1459,0.8183E+03,50.009,,5,0.9485E+03,0.4795E+03,0.863,3.52,14:12:05.000
228.95,3.9897,0.7615E+03,50.004,,5,0.9134E+03,0.5045E+03,0.834,3.46,14:12:05.100
229.13,3.8815,0.7351E+03,50.007,,5,0.8894E+03,0.5005E+03,0.827,3.47,14:12:05.200
229.37,3.6969,0.6835E+03,50.011,,5,0.8480E+03,0.5019E+03,0.806,3.32,14:12:05.300
229.53,3.6100,0.6453E+03,50.006,,5,0.8286E+03,0.5198E+03,0.779,3.47,14:12:05.400
229.62,3.5828,0.6443E+03,50.008,,5,0.8227E+03,0.5116E+03,0.783,3.43,14:12:05.500
230.01,3.2831,0.5571E+03,50.012,,5,0.7551E+03,0.5098E+03,0.738,3.49,14:12:05.600
229.78,3.4517,0.6052E+03,50.012,,5,0.7931E+03,0.5126E+03,0.763,3.41,14:12:05.700
230.05,3.2299,0.5410E+03,50.010,,5,0.7430E+03,0.5093E+03,0.728,3.58,14:12:05.800
230.08,3.2322,0.5315E+03,50.004,,5,0.7437E+03,0.5201E+03,0.715,3.48,14:12:05.900
229.59,3.5913,0.6404E+03,50.006,,5,0.8245E+03,0.5194E+03,0.777,3.41,14:12:06.000
228.99,4.0712,0.7901E+03,50.013,,5,0.9323E+03,0.4948E+03,0.848,3.60,14:12:06.100
228.72,4.2379,0.8613E+03,50.009,,5,0.9693E+03,0.4447E+03,0.889,3.45,14:12:06.200
228.40,4.4775,0.9338E+03,50.006,,5,1.0227E+03,0.4170E+03,0.913,3.54,14:12:06.300
228.46,4.4749,0.9339E+03,50.009,,5,1.0223E+03,0.4159E+03,0.914,3.52,14:12:06.400
228.45,4.4723,0.9329E+03,50.006,,5,1.0217E+03,0.4166E+03,0.913,3.54,14:12:06.500
228.51,4.4259,0.9204E+03,50.002,,5,1.0114E+03,0.4192E+03,0.910,3.47,14:12:06.600
228.62,4.3409,0.8937E+03,50.002,,5,0.9924E+03,0.4314E+03,0.901,3.54,14:12:06.700
228.71,4.2463,0.8663E+03,50.000,,5,0.9712E+03,0.4391E+03,0.892,3.48,14:12:06.800
228.74,4.2700,0.8692E+03,50.005,,5,0.9767E+03,0.4455E+03,0.890,3.45,14:12:06.900
228.98,4.1100,0.8121E+03,50.003,,5,0.9411E+03,0.4755E+03,0.863,3.50,14:12:07.000
229.16,3.9612,0.7568E+03,49.995,,5,0.9078E+03,0.5012E+03,0.834,3.46,14:12:07.100
229.24,3.8574,0.7311E+03,50.000,,5,0.8843E+03,0.4974E+03,0.827,3.49,14:12:07.200
229.28,3.8578,0.7313E+03,50.003,,5,0.8845E+03,0.4976E+03,0.827,3.47,14:12:07.300
229.29,3.8560,0.7305E+03,50.002,,5,0.8842E+03,0.4980E+03,0.826,3.52,14:12:07.400
229.37,3.7536,0.7037E+03,50.001,,5,0.8610E+03,0.4960E+03,0.817,3.46,14:12:07.500
229.36,3.7558,0.7041E+03,50.006,,5,0.8614E+03,0.4962E+03,0.817,3.49,14:12:07.600
229.25,3.8493,0.7289E+03,50.009,,5,0.8824E+03,0.4974E+03,0.826,3.43,14:12:07.700
229.40,3.7536,0.7037E+03,50.008,,5,0.8611E+03,0.4962E+03,0.817,3.50,14:12:07.800
229.25,3.8512,0.7291E+03,50.002,,5,0.8829E+03,0.4979E+03,0.826,3.45,14:12:07.900
229.27,3.8503,0.7289E+03,50.007,,5,0.8827E+03,0.4979E+03,0.826,3.52,14:12:08.000
229.20,3.8504,0.7288E+03,50.012,,5,0.8825E+03,0.4977E+03,0.826,3.45,14:12:08.100
230.79,2.5415,0.3457E+03,50.009,,5,0.5865E+03,0.4739E+03,0.589,3.47,14:12:08.200
232.09,0.3322,0.0406E+03,50.005,,5,0.0771E+03,0.0656E+03,0.526,3.44,14:12:08.300
232.00,0.8145,0.0737E+03,50.008,,5,0.1890E+03,0.1740E+03,0.390,3.45,14:12:08.400
231.30,2.0464,0.2496E+03,50.010,,5,0.4733E+03,0.4022E+03,0.527,3.58,14:12:08.500
231.01,2.4141,0.3282E+03,49.997,,5,0.5577E+03,0.4509E+03,0.588,3.29,14:12:08.600
231.07,2.4168,0.3287E+03,49.995,,5,0.5584E+03,0.4515E+03,0.589,3.56,14:12:08.700
231.47,1.9930,0.2357E+03,49.997,,5,0.4613E+03,0.3966E+03,0.511,3.49,14:12:08.800
231.11,2.4164,0.3283E+03,50.001,,5,0.5584E+03,0.4518E+03,0.588,3.43,14:12:08.900
231.47,1.9925,0.2356E+03,49.999,,5,0.4612E+03,0.3965E+03,0.511,3.47,14:12:09.000
231.42,1.9937,0.2356E+03,49.999,,5,0.4614E+03,0.3967E+03,0.511,3.39,14:12:09.100
231.04,2.4246,0.3295E+03,49.999,,5,0.5602E+03,0.4530E+03,0.588,3.48,14:12:09.200
231.42,1.9993,0.2363E+03,49.999,,5,0.4627E+03,0.3978E+03,0.511,3.60,14:12:09.300
230.96,2.4244,0.3292E+03,49.999,,5,0.5599E+03,0.4529E+03,0.588,3.29,14:12:09.400
231.54,1.7961,0.1990E+03,50.000,,5,0.4159E+03,0.3652E+03,0.479,3.59,14:12:09.500
231.68,1.4976,0.1525E+03,50.009,,5,0.3470E+03,0.3116E+03,0.440,3.47,14:12:09.600
231.67,1.4899,0.1475E+03,50.010,,5,0.3452E+03,0.3121E+03,0.427,3.43,14:12:09.700
231.66,1.4999,0.1522E+03,50.011,,5,0.3475E+03,0.3123E+03,0.438,3.46,14:12:09.800
231.31,2.0006,0.2364E+03,50.010,,5,0.4628E+03,0.3978E+03,0.511,3.40,14:12:09.900
230.89,2.4279,0.3294E+03,50.010,,5,0.5606E+03,0.4536E+03,0.588,3.50,14:12:10.000
231.23,2.0033,0.2369E+03,50.009,,5,0.4632E+03,0.3981E+03,0.511,3.59,14:12:10.100
230.72,2.5164,0.3496E+03,50.007,,5,0.5806E+03,0.4635E+03,0.602,3.28,14:12:10.200
230.05,3.1640,0.5185E+03,50.012,,5,0.7279E+03,0.5108E+03,0.712,3.44,14:12:10.300
229.36,3.7705,0.6900E+03,50.014,,5,0.8648E+03,0.5213E+03,0.798,3.48,14:12:10.400
229.12,4.0049,0.7650E+03,50.016,,5,0.9176E+03,0.5067E+03,0.834,3.58,14:12:10.500
229.13,4.0004,0.7641E+03,50.013,,5,0.9166E+03,0.5062E+03,0.834,3.48,14:12:10.600
229.25,3.8880,0.7369E+03,50.009,,5,0.8913E+03,0.5015E+03,0.827,3.42,14:12:10.700
229.36,3.7899,0.7113E+03,50.012,,5,0.8692E+03,0.4996E+03,0.818,3.47,14:12:10.800
229.50,3.7002,0.6847E+03,50.014,,5,0.8492E+03,0.5023E+03,0.806,3.31,14:12:10.900
229.65,3.5982,0.6429E+03,50.011,,5,0.8263E+03,0.5192E+03,0.778,3.48,14:12:11.000
229.50,3.5910,0.6452E+03,50.010,,5,0.8242E+03,0.5128E+03,0.783,3.45,14:12:11.100
229.88,3.2828,0.5563E+03,50.018,,5,0.7546E+03,0.5099E+03,0.737,3.49,14:12:11.200
229.76,3.4366,0.6061E+03,50.015,,5,0.7896E+03,0.5060E+03,0.768,3.42,14:12:11.300
230.16,3.1143,0.4972E+03,50.012,,5,0.7168E+03,0.5163E+03,0.694,3.47,14:12:11.400
230.29,3.1032,0.4897E+03,50.011,,5,0.7146E+03,0.5205E+03,0.685,3.50,14:12:11.500
229.66,3.5804,0.6432E+03,50.013,,5,0.8223E+03,0.5123E+03,0.782,3.45,14:12:11.600
229.43,3.7551,0.6873E+03,50.018,,5,0.8615E+03,0.5194E+03,0.798,3.51,14:12:11.700
228.73,4.1897,0.8481E+03,50.014,,5,0.9583E+03,0.4461E+03,0.885,3.43,14:12:11.800
228.37,4.4762,0.9335E+03,50.010,,5,1.0222E+03,0.4166E+03,0.913,3.57,14:12:11.900
228.52,4.3519,0.8979E+03,50.011,,5,0.9945E+03,0.4274E+03,0.903,3.54,14:12:12.000
228.09,4.6366,1.0049E+03,50.010,,5,1.0576E+03,0.3294E+03,0.950,3.48,14:12:12.100
228.37,4.4629,0.9306E+03,50.002,,5,1.0192E+03,0.4157E+03,0.913,3.49,14:12:12.200
228.49,4.3800,0.9048E+03,49.997,,5,1.0008E+03,0.4278E+03,0.904,3.51,14:12:12.300
228.52,4.3345,0.8915E+03,49.996,,5,0.9905E+03,0.4318E+03,0.900,3.52,14:12:12.400
228.63,4.3193,0.8818E+03,49.997,,5,0.9875E+03,0.4446E+03,0.893,3.47,14:12:12.500
228.95,4.1074,0.8115E+03,49.994,,5,0.9404E+03,0.4752E+03,0.863,3.50,14:12:12.600
229.14,3.9593,0.7562E+03,49.988,,5,0.9072E+03,0.5012E+03,0.834,3.42,14:12:12.700
229.13,3.8508,0.7292E+03,49.991,,5,0.8823E+03,0.4967E+03,0.826,3.54,14:12:12.800
229.18,3.8573,0.7308E+03,49.994,,5,0.8840E+03,0.4975E+03,0.827,3.50,14:12:12.900
229.37,3.7576,0.7043E+03,49.993,,5,0.8619E+03,0.4968E+03,0.817,3.50,14:12:13.000
231.98,0.3314,0.0401E+03,49.995,,5,0.0769E+03,0.0656E+03,0.521,3.50,14:12:13.900
232.05,0.3329,0.0404E+03,49.997,,5,0.0772E+03,0.0659E+03,0.523,3.47,14:12:14.000
231.57,1.6431,0.1698E+03,50.000,,5,0.3805E+03,0.3405E+03,0.446,3.63,14:12:14.100
231.12,2.2349,0.2883E+03,50.002,,5,0.5165E+03,0.4286E+03,0.558,3.43,14:12:14.200
231.12,2.2400,0.2890E+03,50.000,,5,0.5177E+03,0.4295E+03,0.558,3.57,14:12:14.300
231.40,1.9222,0.2220E+03,50.003,,5,0.4448E+03,0.3854E+03,0.499,3.46,14:12:14.400
231.16,2.2374,0.2880E+03,50.007,,5,0.5172E+03,0.4296E+03,0.557,3.37,14:12:14.500
231.43,1.9223,0.2219E+03,50.006,,5,0.4449E+03,0.3856E+03,0.499,3.41,14:12:14.600
231.43,1.9261,0.2225E+03,50.004,,5,0.4457E+03,0.3862E+03,0.499,3.38,14:12:14.700
231.15,2.2456,0.2896E+03,50.008,,5,0.5191E+03,0.4308E+03,0.558,3.50,14:12:14.800
231.42,1.9262,0.2225E+03,50.008,,5,0.4458E+03,0.3863E+03,0.499,3.57,14:12:14.900
231.18,2.2488,0.2901E+03,50.005,,5,0.5199E+03,0.4314E+03,0.558,3.41,14:12:15.000
231.31,2.1161,0.2625E+03,50.007,,5,0.4895E+03,0.4132E+03,0.536,3.49,14:12:15.100
231.89,1.2605,0.1237E+03,50.008,,5,0.2923E+03,0.2648E+03,0.423,3.44,14:12:15.200
231.88,1.2956,0.1207E+03,50.007,,5,0.3004E+03,0.2751E+03,0.402,3.41,14:12:15.300
231.87,1.2990,0.1211E+03,50.006,,5,0.3012E+03,0.2758E+03,0.402,3.51,14:12:15.400
231.37,1.8140,0.2035E+03,50.004,,5,0.4197E+03,0.3671E+03,0.485,3.57,14:12:15.500
231.17,2.1169,0.2618E+03,50.003,,5,0.4893E+03,0.4134E+03,0.535,3.45,14:12:15.600
231.45,1.7680,0.1939E+03,50.003,,5,0.4092E+03,0.3603E+03,0.474,3.51,14:12:15.700
230.99,2.3958,0.3208E+03,50.003,,5,0.5534E+03,0.4509E+03,0.580,3.26,14:12:15.800
230.31,3.0160,0.4738E+03,50.004,,5,0.6946E+03,0.5079E+03,0.682,3.44,14:12:15.900
229.85,3.4190,0.5885E+03,50.009,,5,0.7858E+03,0.5208E+03,0.749,3.47,14:12:16.000
229.24,3.9041,0.7396E+03,50.010,,5,0.8950E+03,0.5040E+03,0.826,3.47,14:12:16.100
229.27,3.8969,0.7383E+03,50.005,,5,0.8934E+03,0.5031E+03,0.826,3.48,14:12:16.200
229.19,3.8887,0.7365E+03,50.000,,5,0.8912E+03,0.5019E+03,0.826,3.40,14:12:16.300
229.23,3.7868,0.7100E+03,50.003,,5,0.8680E+03,0.4993E+03,0.818,3.44,14:12:16.400
229.28,3.6981,0.6833E+03,50.006,,5,0.8479E+03,0.5019E+03,0.806,3.44,14:12:16.500
229.42,3.5901,0.6388E+03,50.002,,5,0.8236E+03,0.5199E+03,0.776,3.38,14:12:16.600
229.38,3.5693,0.6404E+03,50.000,,5,0.8187E+03,0.5102E+03,0.782,3.34,14:12:16.700
229.75,3.2723,0.5535E+03,50.000,,5,0.7518E+03,0.5088E+03,0.736,3.48,14:12:16.800
229.72,3.4429,0.6006E+03,49.999,,5,0.7909E+03,0.5146E+03,0.759,3.44,14:12:16.900
230.26,3.0952,0.4878E+03,49.995,,5,0.7127E+03,0.5196E+03,0.684,3.49,14:12:17.000
230.44,3.0273,0.4605E+03,49.993,,5,0.6976E+03,0.5240E+03,0.660,3.44,14:12:17.100
230.11,3.2578,0.5326E+03,49.995,,5,0.7497E+03,0.5276E+03,0.710,3.44,14:12:17.200
230.33,3.0158,0.4576E+03,49.999,,5,0.6946E+03,0.5226E+03,0.659,3.42,14:12:17.300
230.00,3.2587,0.5324E+03,49.998,,5,0.7495E+03,0.5276E+03,0.710,3.40,14:12:17.400
229.82,3.4531,0.6008E+03,49.996,,5,0.7936E+03,0.5184E+03,0.757,3.42,14:12:17.500
230.29,3.0967,0.4871E+03,49.999,,5,0.7131E+03,0.5209E+03,0.683,3.51,14:12:17.600
229.79,3.4535,0.6039E+03,49.998,,5,0.7936E+03,0.5148E+03,0.761,3.41,14:12:17.700
230.00,3.2212,0.5369E+03,49.997,,5,0.7409E+03,0.5105E+03,0.725,3.55,14:12:17.800
230.07,3.2726,0.5527E+03,49.993,,5,0.7529E+03,0.5113E+03,0.734,3.37,14:12:17.900
231.10,2.4484,0.3191E+03,49.994,,5,0.5658E+03,0.4672E+03,0.564,3.40,14:12:18.000
232.20,0.4212,0.0529E+03,49.994,,5,0.0978E+03,0.0823E+03,0.541,3.40,14:12:18.100
232.29,0.2974,0.0351E+03,49.995,,5,0.0691E+03,0.0595E+03,0.508,3.40,14:12:18.200
232.18,0.2816,0.0329E+03,49.995,,5,0.0654E+03,0.0565E+03,0.503,3.33,14:12:18.300
232.12,0.2863,0.0333E+03,49.992,,5,0.0665E+03,0.0575E+03,0.501,3.34,14:12:18.400
232.16,0.2810,0.0337E+03,49.993,,5,0.0652E+03,0.0559E+03,0.517,3.41,14:12:18.500
232.27,0.2158,0.0225E+03,49.991,,5,0.0501E+03,0.0448E+03,0.448,3.29,14:12:18.600
232.35,0.1837,0.0181E+03,49.991,,5,0.0427E+03,0.0387E+03,0.423,3.32,14:12:18.700
232.39,0.1832,0.0180E+03,49.991,,5,0.0426E+03,0.0386E+03,0.424,3.32,14:12:18.800
nan,nan,nan,nan,,500E-03,nan,nan,nan,nan,14:12:18.900
nan,nan,nan,nan,,500E-03,nan,nan,nan,nan,14:12:19.000
nan,nan,nan,nan,,500E-03,nan,nan,nan,nan,14:12:19.100
232.22,181.70E-03,17.74,49.992,,500E-03,42.19,38.28,0.420,3.35,14:12:19.200
232.25,181.16E-03,17.71,49.993,,500E-03,42.07,38.16,0.421,3.37,14:12:19.300
232.26,182.64E-03,17.96,49.993,,500E-03,42.42,38.43,0.423,3.32,14:12:19.400
232.34,181.31E-03,17.86,49.992,,500E-03,42.12,38.15,0.424,3.36,14:12:19.500
232.36,182.46E-03,17.86,49.994,,500E-03,42.40,38.45,0.421,3.34,14:12:19.600
232.36,182.79E-03,17.79,49.994,,500E-03,42.47,38.57,0.419,3.32,14:12:19.700
232.39,182.53E-03,17.91,49.997,,500E-03,42.42,38.45,0.422,3.36,14:12:19.800
232.50,183.50E-03,17.89,49.997,,500E-03,42.66,38.73,0.419,3.36,14:12:19.900
232.50,183.27E-03,17.84,49.999,,500E-03,42.61,38.69,0.419,3.35,14:12:20.000
232.51,182.59E-03,17.75,49.999,,500E-03,42.45,38.56,0.418,3.35,14:12:20.100
232.52,182.76E-03,17.86,50.001,,500E-03,42.50,38.56,0.420,3.34,14:12:20.200
232.51,181.44E-03,17.71,50.001,,500E-03,42.19,38.29,0.420,3.34,14:12:20.300
232.52,181.98E-03,17.81,50.002,,500E-03,42.31,38.38,0.421,3.33,14:12:20.400
232.46,180.70E-03,17.72,50.003,,500E-03,42.01,38.09,0.422,3.37,14:12:20.500
232.42,180.90E-03,17.71,50.003,,500E-03,42.05,38.13,0.421,3.35,14:12:20.600
232.34,181.72E-03,17.75,50.003,,500E-03,42.22,38.31,0.421,3.34,14:12:20.700
232.44,182.12E-03,17.88,50.000,,500E-03,42.33,38.37,0.422,3.37,14:12:20.800
232.38,181.80E-03,17.75,50.000,,500E-03,42.25,38.34,0.420,3.32,14:12:20.900
232.36,180.55E-03,17.64,50.000,,500E-03,41.95,38.06,0.420,3.34,14:12:21.000
232.41,181.32E-03,17.76,49.999,,500E-03,42.14,38.21,0.422,3.32,14:12:21.100
232.46,180.06E-03,17.71,49.996,,500E-03,41.86,37.93,0.423,3.37,14:12:21.200
232.43,181.90E-03,17.87,49.996,,500E-03,42.28,38.31,0.423,3.35,14:12:21.300
232.46,181.76E-03,17.84,49.996,,500E-03,42.25,38.30,0.422,3.34,14:12:21.400
232.49,183.18E-03,17.96,49.998,,500E-03,42.59,38.62,0.422,3.33,14:12:21.500
232.48,182.34E-03,17.81,49.997,,500E-03,42.39,38.47,0.420,3.32,14:12:21.600
232.47,183.10E-03,17.88,49.997,,500E-03,42.56,38.63,0.420,3.32,14:12:21.700
232.46,183.08E-03,17.83,49.998,,500E-03,42.56,38.65,0.419,3.37,14:12:21.800
232.47,182.39E-03,17.86,49.998,,500E-03,42.40,38.45,0.421,3.32,14:12:21.900
232.48,181.25E-03,17.81,49.997,,500E-03,42.14,38.19,0.423,3.35,14:12:22.000
232.49,181.83E-03,17.86,49.997,,500E-03,42.27,38.32,0.423,3.34,14:12:22.100
232.52,182.27E-03,17.91,49.997,,500E-03,42.38,38.41,0.423,3.33,14:12:22.200
232.48,180.90E-03,17.73,49.997,,500E-03,42.05,38.14,0.422,3.31,14:12:22.300
232.49,182.15E-03,17.81,49.998,,500E-03,42.35,38.42,0.421,3.35,14:12:22.400
232.48,181.05E-03,17.75,49.997,,500E-03,42.09,38.16,0.422,3.33,14:12:22.500
232.51,182.07E-03,17.81,49.997,,500E-03,42.33,38.41,0.421,3.37,14:12:22.600
232.51,182.79E-03,17.91,49.997,,500E-03,42.50,38.55,0.421,3.35,14:12:22.700
232.52,180.77E-03,17.78,49.996,,500E-03,42.03,38.09,0.423,3.36,14:12:22.800
232.54,180.50E-03,17.80,49.996,,500E-03,41.97,38.01,0.424,3.33,14:12:22.900
232.49,180.26E-03,17.70,49.996,,500E-03,41.91,37.99,0.422,3.31,14:12:23.000
232.50,181.90E-03,17.88,49.997,,500E-03,42.29,38.33,0.423,3.32,14:12:23.100
232.48,181.30E-03,17.78,49.997,,500E-03,42.15,38.22,0.422,3.33,14:12:23.200
232.46,181.93E-03,17.88,49.996,,500E-03,42.29,38.33,0.423,3.35,14:12:23.300
232.44,180.77E-03,17.81,49.995,,500E-03,42.02,38.05,0.424,3.34,14:12:23.400
232.42,180.40E-03,17.75,49.995,,500E-03,41.93,37.99,0.423,3.33,14:12:23.500
232.41,180.94E-03,17.81,49.995,,500E-03,42.05,38.09,0.424,3.35,14:12:23.600
232.43,181.26E-03,17.83,49.994,,500E-03,42.13,38.17,0.423,3.32,14:12:23.700
232.42,180.51E-03,17.74,49.996,,500E-03,41.95,38.02,0.423,3.33,14:12:23.800
232.39,180.56E-03,17.72,49.996,,500E-03,41.96,38.04,0.422,3.35,14:12:23.900
232.39,180.99E-03,17.79,49.997,,500E-03,42.06,38.11,0.423,3.34,14:12:24.000
232.38,182.03E-03,17.81,49.997,,500E-03,42.30,38.37,0.421,3.35,14:12:24.100
232.38,180.81E-03,17.73,49.996,,500E-03,42.02,38.09,0.422,3.34,14:12:24.200
232.35,180.95E-03,17.67,49.995,,500E-03,42.04,38.15,0.420,3.36,14:12:24.300
232.35,181.39E-03,17.89,49.995,,500E-03,42.15,38.16,0.424,3.33,14:12:24.400
232.39,182.02E-03,17.90,49.997,,500E-03,42.30,38.32,0.423,3.32,14:12:24.500
232.38,180.65E-03,17.78,49.996,,500E-03,41.98,38.03,0.424,3.37,14:12:24.600
232.38,181.70E-03,17.94,49.996,,500E-03,42.22,38.22,0.425,3.36,14:12:24.700
232.36,181.32E-03,17.89,49.994,,500E-03,42.13,38.14,0.425,3.32,14:12:24.800
232.42,181.12E-03,17.81,49.993,,500E-03,42.10,38.14,0.423,3.34,14:12:24.900
232.40,181.12E-03,17.84,49.993,,500E-03,42.09,38.13,0.424,3.32,14:12:25.000
232.40,179.61E-03,17.78,49.993,,500E-03,41.74,37.77,0.426,3.32,14:12:25.100
232.42,179.83E-03,17.67,49.993,,500E-03,41.80,37.88,0.423,3.30,14:12:25.200
232.39,180.26E-03,17.72,49.992,,500E-03,41.89,37.96,0.423,3.38,14:12:25.300
232.37,180.80E-03,17.74,49.993,,500E-03,42.01,38.08,0.422,3.37,14:12:25.400
232.39,180.75E-03,17.83,49.991,,500E-03,42.00,38.03,0.425,3.36,14:12:25.500
232.33,180.44E-03,17.76,49.991,,500E-03,41.92,37.97,0.424,3.35,14:12:25.600
232.35,181.03E-03,17.81,49.990,,500E-03,42.06,38.11,0.423,3.33,14:12:25.700
232.37,181.38E-03,17.79,49.991,,500E-03,42.15,38.21,0.422,3.34,14:12:25.800
232.41,180.85E-03,17.72,49.990,,500E-03,42.03,38.12,0.422,3.33,14:12:25.900
232.43,180.79E-03,17.75,49.988,,500E-03,42.02,38.09,0.423,3.33,14:12:26.000
232.45,179.76E-03,17.67,49.988,,500E-03,41.79,37.87,0.423,3.35,14:12:26.100
232.42,180.85E-03,17.71,49.988,,500E-03,42.03,38.12,0.421,3.35,14:12:26.200
232.38,180.67E-03,17.76,49.989,,500E-03,41.98,38.04,0.423,3.35,14:12:26.300
232.40,180.82E-03,17.74,49.989,,500E-03,42.02,38.10,0.422,3.31,14:12:26.400
232.41,180.37E-03,17.77,49.989,,500E-03,41.92,37.97,0.424,3.33,14:12:26.500
232.42,180.31E-03,17.77,49.989,,500E-03,41.91,37.96,0.424,3.36,14:12:26.600
232.39,181.43E-03,17.69,49.989,,500E-03,42.16,38.27,0.420,3.35,14:12:26.700
232.40,181.23E-03,17.77,49.991,,500E-03,42.12,38.19,0.422,3.35,14:12:26.800
232.40,180.50E-03,17.73,49.991,,500E-03,41.95,38.02,0.423,3.36,14:12:26.900
232.39,181.54E-03,17.72,49.993,,500E-03,42.19,38.29,0.420,3.38,14:12:27.000
232.38,180.16E-03,17.72,49.993,,500E-03,41.87,37.93,0.423,3.38,14:12:27.100
232.42,179.57E-03,17.74,49.993,,500E-03,41.74,37.78,0.425,3.37,14:12:27.200
232.39,180.16E-03,17.67,49.992,,500E-03,41.87,37.96,0.422,3.34,14:12:27.300
232.38,180.96E-03,17.80,49.991,,500E-03,42.05,38.10,0.423,3.33,14:12:27.400
232.23,179.85E-03,17.73,49.991,,500E-03,41.77,37.82,0.424,3.36,14:12:27.500
232.33,180.83E-03,17.90,49.992,,500E-03,42.01,38.01,0.426,3.33,14:12:27.600
232.33,180.55E-03,17.75,49.992,,500E-03,41.95,38.01,0.423,3.35,14:12:27.700
232.37,181.15E-03,17.82,49.989,,500E-03,42.09,38.14,0.423,3.36,14:12:27.800
232.40,180.33E-03,17.69,49.990,,500E-03,41.91,37.99,0.422,3.34,14:12:27.900
232.41,180.23E-03,17.70,49.989,,500E-03,41.89,37.96,0.423,3.32,14:12:28.000
232.37,179.87E-03,17.63,49.988,,500E-03,41.80,37.90,0.422,3.31,14:12:28.100
232.37,179.73E-03,17.73,49.988,,500E-03,41.76,37.81,0.425,3.36,14:12:28.200
232.40,179.72E-03,17.67,49.989,,500E-03,41.77,37.84,0.423,3.37,14:12:28.300
232.41,181.53E-03,17.83,49.988,,500E-03,42.19,38.24,0.423,3.35,14:12:28.400
232.41,183.06E-03,17.92,49.988,,500E-03,42.55,38.59,0.421,3.33,14:12:28.500
232.39,181.12E-03,17.79,49.987,,500E-03,42.09,38.15,0.423,3.36,14:12:28.600
232.37,180.97E-03,17.80,49.988,,500E-03,42.05,38.10,0.423,3.37,14:12:28.700
232.37,180.93E-03,17.79,49.987,,500E-03,42.04,38.09,0.423,3.38,14:12:28.800
232.35,179.44E-03,17.69,49.988,,500E-03,41.69,37.75,0.424,3.38,14:12:28.900
232.32,179.82E-03,17.72,49.987,,500E-03,41.77,37.83,0.424,3.34,14:12:29.000
232.36,180.64E-03,17.71,49.987,,500E-03,41.97,38.06,0.422,3.33,14:12:29.100
232.38,179.73E-03,17.73,49.987,,500E-03,41.77,37.81,0.425,3.38,14:12:29.200
232.39,179.96E-03,17.71,49.989,,500E-03,41.82,37.89,0.424,3.36,14:12:29.300
232.40,180.16E-03,17.76,49.987,,500E-03,41.87,37.92,0.424,3.38,14:12:29.400
232.39,180.08E-03,17.76,49.988,,500E-03,41.85,37.89,0.424,3.35,14:12:29.500
232.36,180.58E-03,17.77,49.986,,500E-03,41.96,38.01,0.423,3.36,14:12:29.600
232.39,181.30E-03,17.77,49.986,,500E-03,42.13,38.21,0.422,3.35,14:12:29.700
232.35,180.52E-03,17.73,49.986,,500E-03,41.94,38.01,0.423,3.40,14:12:29.800
232.31,180.92E-03,17.73,49.986,,500E-03,42.03,38.11,0.422,3.37,14:12:29.900
232.31,180.90E-03,17.78,49.986,,500E-03,42.02,38.08,0.423,3.37,14:12:30.000
232.30,180.39E-03,17.71,49.986,,500E-03,41.90,37.98,0.423,3.34,14:12:30.100
232.32,179.55E-03,17.69,49.985,,500E-03,41.71,37.78,0.424,3.36,14:12:30.200
232.31,179.79E-03,17.70,49.982,,500E-03,41.77,37.83,0.424,3.35,14:12:30.300
232.33,179.32E-03,17.73,49.985,,500E-03,41.66,37.70,0.426,3.36,14:12:30.400
232.30,179.76E-03,17.72,49.986,,500E-03,41.76,37.81,0.424,3.37,14:12:30.500
232.29,179.55E-03,17.74,49.986,,500E-03,41.71,37.75,0.425,3.35,14:12:30.600
232.19,180.70E-03,17.71,49.984,,500E-03,41.96,38.04,0.422,3.34,14:12:30.700
232.28,181.34E-03,17.87,49.988,,500E-03,42.12,38.14,0.424,3.35,14:12:30.800
232.36,180.79E-03,17.85,49.989,,500E-03,42.01,38.03,0.425,3.38,14:12:30.900
232.30,180.79E-03,17.71,49.990,,500E-03,42.00,38.08,0.422,3.37,14:12:31.000
232.31,180.43E-03,17.71,49.991,,500E-03,41.92,37.99,0.423,3.36,14:12:31.100
232.30,179.41E-03,17.69,49.992,,500E-03,41.68,37.74,0.424,3.33,14:12:31.200
232.28,179.31E-03,17.69,49.991,,500E-03,41.65,37.70,0.425,3.34,14:12:31.300
232.30,179.54E-03,17.77,49.993,,500E-03,41.71,37.73,0.426,3.36,14:12:31.400
232.33,180.52E-03,17.87,49.992,,500E-03,41.94,37.94,0.426,3.36,14:12:31.500
232.34,179.43E-03,17.76,49.993,,500E-03,41.69,37.72,0.426,3.33,14:12:31.600
232.35,180.99E-03,17.82,49.994,,500E-03,42.05,38.09,0.424,3.33,14:12:31.700
232.36,180.16E-03,17.80,49.989,,500E-03,41.86,37.89,0.425,3.33,14:12:31.800
232.37,179.80E-03,17.81,49.988,,500E-03,41.78,37.79,0.426,3.34,14:12:31.900
232.40,179.81E-03,17.76,49.987,,500E-03,41.79,37.82,0.425,3.30,14:12:32.000
232.37,180.90E-03,17.76,49.987,,500E-03,42.04,38.10,0.423,3.35,14:12:32.100
232.40,180.97E-03,17.82,49.985,,500E-03,42.06,38.10,0.424,3.35,14:12:32.200
232.33,180.61E-03,17.78,49.986,,500E-03,41.96,38.00,0.424,3.36,14:12:32.300
232.38,179.98E-03,17.72,49.986,,500E-03,41.82,37.88,0.424,3.35,14:12:32.400
232.34,180.51E-03,17.76,49.986,,500E-03,41.94,37.99,0.424,3.37,14:12:32.500
232.37,180.09E-03,17.73,49.986,,500E-03,41.85,37.90,0.424,3.32,14:12:32.600
232.43,181.18E-03,17.94,49.987,,500E-03,42.11,38.10,0.426,3.38,14:12:32.700
232.42,180.85E-03,17.84,49.987,,500E-03,42.03,38.06,0.425,3.35,14:12:32.800
232.38,179.99E-03,17.82,49.985,,500E-03,41.83,37.84,0.426,3.31,14:12:32.900
232.41,181.05E-03,17.82,49.985,,500E-03,42.08,38.12,0.424,3.36,14:12:33.000
232.34,181.04E-03,17.85,49.986,,500E-03,42.06,38.09,0.424,3.29,14:12:33.100
232.34,179.41E-03,17.71,49.988,,500E-03,41.68,37.74,0.425,3.33,14:12:33.200
232.31,179.97E-03,17.82,49.987,,500E-03,41.81,37.82,0.426,3.31,14:12:33.300
232.33,180.50E-03,17.86,49.987,,500E-03,41.94,37.94,0.426,3.33,14:12:33.400
232.37,180.09E-03,17.84,49.987,,500E-03,41.85,37.85,0.426,3.31,14:12:33.500
232.37,179.63E-03,17.81,49.987,,500E-03,41.74,37.75,0.427,3.33,14:12:33.600
232.37,180.45E-03,17.82,49.989,,500E-03,41.93,37.96,0.425,3.34,14:12:33.700
232.36,179.21E-03,17.74,49.991,,500E-03,41.64,37.67,0.426,3.33,14:12:33.800
232.37,180.53E-03,17.85,49.993,,500E-03,41.95,37.96,0.425,3.34,14:12:33.900
232.33,179.92E-03,17.69,49.996,,500E-03,41.80,37.88,0.423,3.32,14:12:34.000
232.31,179.91E-03,17.67,49.995,,500E-03,41.80,37.88,0.423,3.31,14:12:34.100
232.24,179.48E-03,17.65,49.993,,500E-03,41.68,37.76,0.424,3.29,14:12:34.200
232.28,179.47E-03,17.73,49.993,,500E-03,41.69,37.73,0.425,3.29,14:12:34.300
232.33,180.08E-03,17.81,49.993,,500E-03,41.84,37.86,0.426,3.29,14:12:34.400
232.32,179.22E-03,17.69,49.992,,500E-03,41.64,37.69,0.425,3.30,14:12:34.500
232.34,179.80E-03,17.76,49.990,,500E-03,41.78,37.81,0.425,3.30,14:12:34.600
232.34,180.08E-03,17.78,49.990,,500E-03,41.84,37.88,0.425,3.31,14:12:34.700
232.33,179.36E-03,17.68,49.989,,500E-03,41.67,37.73,0.424,3.32,14:12:34.800
232.23,179.61E-03,17.64,49.990,,500E-03,41.71,37.80,0.423,3.32,14:12:34.900
232.25,179.59E-03,17.80,49.988,,500E-03,41.71,37.72,0.427,3.34,14:12:35.000
232.25,179.31E-03,17.73,49.988,,500E-03,41.64,37.68,0.426,3.31,14:12:35.100
232.27,179.51E-03,17.74,49.992,,500E-03,41.70,37.73,0.425,3.32,14:12:35.200
232.36,179.22E-03,17.77,49.993,,500E-03,41.64,37.66,0.427,3.34,14:12:35.300
232.43,179.96E-03,17.82,49.993,,500E-03,41.83,37.84,0.426,3.32,14:12:35.400
232.40,179.65E-03,17.71,49.994,,500E-03,41.75,37.81,0.424,3.31,14:12:35.500
232.41,179.87E-03,17.75,49.997,,500E-03,41.80,37.85,0.425,3.30,14:12:35.600
232.41,179.48E-03,17.74,49.993,,500E-03,41.71,37.76,0.425,3.32,14:12:35.700
232.40,179.58E-03,17.77,49.995,,500E-03,41.73,37.76,0.426,3.33,14:12:35.800
232.39,179.31E-03,17.78,49.994,,500E-03,41.67,37.69,0.427,3.35,14:12:35.900
232.37,179.26E-03,17.74,49.992,,500E-03,41.65,37.69,0.426,3.34,14:12:36.000
232.34,178.99E-03,17.68,49.993,,500E-03,41.59,37.64,0.425,3.31,14:12:36.100
232.37,180.15E-03,17.76,49.992,,500E-03,41.86,37.91,0.424,3.31,14:12:36.200
232.35,179.81E-03,17.69,49.991,,500E-03,41.78,37.85,0.424,3.29,14:12:36.300
232.31,180.04E-03,17.67,49.990,,500E-03,41.83,37.91,0.422,3.30,14:12:36.400
232.33,180.00E-03,17.73,49.990,,500E-03,41.82,37.87,0.424,3.32,14:12:36.500
232.31,180.69E-03,17.80,49.989,,500E-03,41.98,38.01,0.424,3.46,14:12:36.600
232.19,180.16E-03,17.81,49.992,,500E-03,41.83,37.85,0.426,3.38,14:12:36.700
232.17,179.91E-03,17.48,49.992,,500E-03,41.77,37.94,0.419,3.29,14:12:36.800
232.12,178.27E-03,17.49,49.993,,500E-03,41.38,37.51,0.423,3.34,14:12:36.900
232.11,178.73E-03,17.84,49.994,,500E-03,41.48,37.45,0.430,3.31,14:12:37.000
232.26,179.48E-03,17.70,49.993,,500E-03,41.69,37.74,0.425,3.31,14:12:37.100
232.27,180.18E-03,17.74,49.991,,500E-03,41.85,37.91,0.424,3.32,14:12:37.200
232.27,179.14E-03,17.72,49.991,,500E-03,41.61,37.65,0.426,3.34,14:12:37.300
232.25,179.14E-03,17.70,49.992,,500E-03,41.61,37.65,0.425,3.34,14:12:37.400
232.25,179.06E-03,17.68,49.992,,500E-03,41.59,37.64,0.425,3.34,14:12:37.500
232.24,180.07E-03,17.75,49.992,,500E-03,41.82,37.86,0.425,3.34,14:12:37.600
232.20,180.78E-03,17.73,49.992,,500E-03,41.98,38.05,0.422,3.33,14:12:37.700
232.18,181.09E-03,17.80,49.990,,500E-03,42.05,38.09,0.423,3.33,14:12:37.800
232.13,180.34E-03,17.74,49.991,,500E-03,41.86,37.92,0.424,3.35,14:12:37.900
232.15,180.43E-03,17.81,49.992,,500E-03,41.89,37.92,0.425,3.33,14:12:38.000
232.22,180.19E-03,17.81,49.992,,500E-03,41.84,37.87,0.426,3.31,14:12:38.100
232.25,180.84E-03,17.75,49.991,,500E-03,42.00,38.06,0.423,3.31,14:12:38.200
232.54,179.61E-03,17.60,49.991,,500E-03,41.77,37.88,0.421,3.21,14:12:38.300
232.40,179.58E-03,17.66,49.992,,500E-03,41.73,37.81,0.423,3.11,14:12:38.400
232.40,180.07E-03,17.33,49.991,,500E-03,41.85,38.09,0.414,3.17,14:12:38.500
232.35,178.38E-03,17.72,49.994,,500E-03,41.45,37.47,0.427,3.23,14:12:38.600
232.54,184.44E-03,18.16,49.994,,500E-03,42.89,38.85,0.423,3.19,14:12:38.700
232.63,181.24E-03,17.81,49.994,,500E-03,42.16,38.22,0.422,3.23,14:12:38.800
232.65,180.70E-03,17.77,49.991,,500E-03,42.04,38.10,0.423,3.18,14:12:38.900
232.65,180.62E-03,17.72,49.990,,500E-03,42.02,38.10,0.422,3.17,14:12:39.000
232.65,177.94E-03,17.30,49.991,,500E-03,41.40,37.61,0.418,3.19,14:12:39.100
232.69,174.79E-03,17.24,49.995,,500E-03,40.67,36.84,0.424,3.19,14:12:39.200
232.69,173.15E-03,17.15,49.996,,500E-03,40.29,36.46,0.426,3.18,14:12:39.300
232.66,173.03E-03,17.17,49.995,,500E-03,40.26,36.41,0.426,3.20,14:12:39.400
232.64,173.79E-03,17.21,49.996,,500E-03,40.43,36.58,0.426,3.21,14:12:39.500
232.69,172.95E-03,17.27,49.994,,500E-03,40.24,36.35,0.429,3.19,14:12:39.600
232.74,173.75E-03,17.40,49.993,,500E-03,40.44,36.50,0.430,3.19,14:12:39.700
232.76,173.65E-03,17.43,49.995,,500E-03,40.42,36.47,0.431,3.21,14:12:39.800
232.67,174.36E-03,17.51,49.997,,500E-03,40.57,36.60,0.432,3.20,14:12:39.900
232.71,173.44E-03,17.35,49.997,,500E-03,40.36,36.44,0.430,3.17,14:12:40.000
232.73,173.18E-03,17.36,49.996,,500E-03,40.30,36.38,0.431,3.17,14:12:40.100
232.71,173.07E-03,17.29,49.996,,500E-03,40.27,36.37,0.429,3.17,14:12:40.200
232.79,172.97E-03,17.29,49.995,,500E-03,40.26,36.36,0.430,3.17,14:12:40.300
232.80,173.06E-03,17.35,49.995,,500E-03,40.29,36.36,0.431,3.20,14:12:40.400
232.78,172.82E-03,17.30,49.996,,500E-03,40.23,36.32,0.430,3.22,14:12:40.500
232.76,173.14E-03,17.40,49.996,,500E-03,40.30,36.35,0.432,3.21,14:12:40.600
232.77,173.27E-03,17.35,49.996,,500E-03,40.33,36.41,0.430,3.21,14:12:40.700
232.79,172.61E-03,17.33,49.994,,500E-03,40.18,36.25,0.431,3.18,14:12:40.800
232.79,172.61E-03,17.35,49.993,,500E-03,40.18,36.24,0.432,3.16,14:12:40.900
232.78,172.86E-03,17.36,49.993,,500E-03,40.24,36.30,0.432,3.15,14:12:41.000
232.78,172.99E-03,17.31,49.994,,500E-03,40.27,36.36,0.430,3.16,14:12:41.100
232.79,173.39E-03,17.39,49.994,,500E-03,40.36,36.42,0.431,3.18,14:12:41.200
232.76,182.14E-03,18.36,49.995,,500E-03,42.40,38.22,0.433,3.21,14:12:41.300
232.81,inf,inf,49.993,,500E-03,inf,inf,inf,3.20,14:12:41.400
nan,nan,nan,nan,,2,nan,nan,nan,nan,14:12:41.500
nan,nan,nan,nan,,2,nan,nan,nan,nan,14:12:41.600
nan,nan,nan,nan,,2,nan,nan,nan,nan,14:12:41.700
229.27,inf,inf,49.992,,2,inf,inf,inf,3.19,14:12:41.800
nan,nan,nan,nan,,10,nan,nan,nan,nan,14:12:41.900
nan,nan,nan,nan,,10,nan,nan,nan,nan,14:12:42.000
nan,nan,nan,nan,,10,nan,nan,nan,nan,14:12:42.100
230.40,3.431,0.5884E+03,49.998,,10,0.7905E+03,0.5280E+03,0.744,3.26,14:12:42.200
228.59,4.768,1.0520E+03,50.000,,10,1.0898E+03,0.2845E+03,0.965,3.22,14:12:42.300
226.38,4.871,1.1007E+03,50.002,,10,1.1027E+03,0.0674E+03,0.998,3.21,14:12:42.400
228.34,4.900,1.1168E+03,50.000,,10,1.1189E+03,0.0686E+03,0.998,3.20,14:12:42.500
228.35,4.889,1.1143E+03,49.991,,10,1.1164E+03,0.0683E+03,0.998,3.22,14:12:42.600
228.46,4.836,1.1033E+03,49.993,,10,1.1048E+03,0.0582E+03,0.999,3.20,14:12:42.700
228.47,4.879,1.1024E+03,49.995,,10,1.1148E+03,0.1652E+03,0.989,3.25,14:12:42.800
228.69,4.774,1.0458E+03,49.997,,10,1.0917E+03,0.3133E+03,0.958,3.19,14:12:42.900
229.48,4.194,0.8502E+03,49.994,,10,0.9625E+03,0.4511E+03,0.883,3.15,14:12:43.000
231.25,2.789,0.4082E+03,49.991,,10,0.6449E+03,0.4993E+03,0.633,3.20,14:12:43.100
230.86,3.166,0.5098E+03,49.993,,10,0.7309E+03,0.5237E+03,0.698,3.19,14:12:43.200
231.29,2.748,0.3946E+03,49.992,,10,0.6357E+03,0.4983E+03,0.621,3.31,14:12:43.300
231.57,2.417,0.3268E+03,49.988,,10,0.5596E+03,0.4543E+03,0.584,3.27,14:12:43.400
231.57,2.424,0.3283E+03,49.989,,10,0.5614E+03,0.4554E+03,0.585,3.22,14:12:43.500
231.27,2.758,0.3961E+03,50.000,,10,0.6378E+03,0.4999E+03,0.621,3.21,14:12:43.600
231.61,2.424,0.3278E+03,50.002,,10,0.5613E+03,0.4556E+03,0.584,3.23,14:12:43.700
231.32,2.756,0.3956E+03,50.002,,10,0.6376E+03,0.5001E+03,0.620,3.22,14:12:43.800
nan,nan,nan,nan,,5,nan,nan,nan,nan,14:12:43.900
nan,nan,nan,nan,,5,nan,nan,nan,nan,14:12:44.000
nan,nan,nan,nan,,5,nan,nan,nan,nan,14:12:44.100
232.59,0.5750,0.0731E+03,49.994,,5,0.1337E+03,0.1120E+03,0.547,3.23,14:12:44.200
230.55,3.4354,0.5934E+03,49.989,,5,0.7920E+03,0.5246E+03,0.749,3.04,14:12:44.300
231.44,2.5139,0.3403E+03,49.996,,5,0.5818E+03,0.4719E+03,0.585,3.24,14:12:44.400
231.36,2.5725,0.3610E+03,49.998,,5,0.5952E+03,0.4732E+03,0.606,3.25,14:12:44.500
231.48,2.3783,0.3134E+03,49.994,,5,0.5505E+03,0.4526E+03,0.569,3.27,14:12:44.600
231.52,2.3783,0.3137E+03,49.987,,5,0.5506E+03,0.4526E+03,0.570,3.33,14:12:44.700
231.36,2.5697,0.3599E+03,49.990,,5,0.5945E+03,0.4732E+03,0.605,3.24,14:12:44.800
231.53,2.3819,0.3144E+03,49.996,,5,0.5515E+03,0.4530E+03,0.570,3.28,14:12:44.900
231.39,2.5750,0.3616E+03,49.990,,5,0.5958E+03,0.4735E+03,0.607,3.25,14:12:45.000
231.51,2.5939,0.3678E+03,49.986,,5,0.6005E+03,0.4747E+03,0.613,3.03,14:12:45.100
231.70,2.3990,0.3196E+03,49.992,,5,0.5559E+03,0.4548E+03,0.575,3.23,14:12:45.200
231.54,2.5851,0.3643E+03,50.000,,5,0.5985E+03,0.4749E+03,0.609,3.26,14:12:45.300
231.72,2.3905,0.3170E+03,49.998,,5,0.5539E+03,0.4543E+03,0.572,3.26,14:12:45.400
231.49,2.3391,0.3070E+03,49.991,,5,0.5415E+03,0.4460E+03,0.567,3.37,14:12:45.500
231.19,2.6106,0.3722E+03,49.995,,5,0.6036E+03,0.4751E+03,0.617,3.25,14:12:45.600
231.61,2.2512,0.2886E+03,50.002,,5,0.5214E+03,0.4342E+03,0.554,3.23,14:12:45.700
230.28,3.5811,0.6298E+03,49.998,,5,0.8246E+03,0.5323E+03,0.764,3.24,14:12:45.800
230.22,3.5802,0.6294E+03,49.995,,5,0.8242E+03,0.5322E+03,0.764,3.28,14:12:45.900
230.68,3.1995,0.5202E+03,50.002,,5,0.7381E+03,0.5236E+03,0.705,3.19,14:12:46.000
230.15,3.5583,0.6457E+03,50.007,,5,0.8190E+03,0.5038E+03,0.788,3.26,14:12:46.100
229.86,3.8929,0.7324E+03,50.004,,5,0.8948E+03,0.5141E+03,0.818,3.28,14:12:46.200
228.85,4.6134,0.9808E+03,50.001,,5,1.0558E+03,0.3908E+03,0.929,3.25,14:12:46.300
228.38,4.8934,1.1049E+03,50.001,,5,1.1176E+03,0.1679E+03,0.989,3.22,14:12:46.400
228.32,4.9182,1.1193E+03,50.007,,5,1.1229E+03,0.0898E+03,0.997,3.19,14:12:46.500
228.25,4.9037,1.1158E+03,50.003,,5,1.1193E+03,0.0876E+03,0.997,3.20,14:12:46.600
228.18,4.8864,1.1116E+03,50.001,,5,1.1150E+03,0.0873E+03,0.997,3.22,14:12:46.700
228.50,4.7374,1.0530E+03,50.004,,5,1.0825E+03,0.2511E+03,0.973,3.24,14:12:46.800
228.73,4.6077,1.0003E+03,50.008,,5,1.0539E+03,0.3319E+03,0.949,3.24,14:12:46.900
229.04,4.4342,0.9259E+03,50.007,,5,1.0156E+03,0.4174E+03,0.912,3.29,14:12:47.000
229.60,4.0462,0.7964E+03,50.010,,5,0.9290E+03,0.4784E+03,0.857,3.18,14:12:47.100
229.10,4.3786,0.9120E+03,50.012,,5,1.0031E+03,0.4178E+03,0.909,3.24,14:12:47.200
229.73,3.9599,0.7573E+03,50.011,,5,0.9097E+03,0.5041E+03,0.832,3.28,14:12:47.300
229.87,3.8580,0.7322E+03,50.010,,5,0.8869E+03,0.5004E+03,0.826,3.31,14:12:47.400
229.99,3.7596,0.7065E+03,50.009,,5,0.8647E+03,0.4985E+03,0.817,3.28,14:12:47.500
229.74,3.9499,0.7665E+03,50.012,,5,0.9074E+03,0.4857E+03,0.845,3.20,14:12:47.600
230.43,3.4148,0.5975E+03,50.013,,5,0.7869E+03,0.5120E+03,0.759,3.23,14:12:47.700
229.88,3.8843,0.7438E+03,50.010,,5,0.8929E+03,0.4940E+03,0.833,3.34,14:12:47.800
230.87,3.1172,0.4989E+03,50.006,,5,0.7197E+03,0.5187E+03,0.693,3.26,14:12:47.900
232.52,1.0258,0.0882E+03,50.005,,5,0.2385E+03,0.2216E+03,0.370,3.23,14:12:48.000
232.76,0.3337,0.0404E+03,50.001,,5,0.0777E+03,0.0663E+03,0.520,3.24,14:12:48.100
232.13,1.7706,0.1869E+03,49.998,,5,0.4110E+03,0.3661E+03,0.455,3.27,14:12:48.200
230.61,3.1589,0.5086E+03,49.996,,5,0.7285E+03,0.5215E+03,0.698,3.23,14:12:48.300
231.19,2.6407,0.3810E+03,49.993,,5,0.6105E+03,0.4770E+03,0.624,3.24,14:12:48.400
230.71,3.1609,0.5088E+03,49.994,,5,0.7293E+03,0.5224E+03,0.698,3.19,14:12:48.500
231.28,2.6458,0.3822E+03,49.992,,5,0.6119E+03,0.4778E+03,0.625,3.22,14:12:48.600
230.96,3.0374,0.4740E+03,49.987,,5,0.7015E+03,0.5172E+03,0.676,3.07,14:12:48.700
231.50,2.5509,0.3521E+03,49.990,,5,0.5905E+03,0.4741E+03,0.596,3.28,14:12:48.800
230.96,3.0420,0.4749E+03,49.993,,5,0.7026E+03,0.5178E+03,0.676,3.27,14:12:48.900
231.40,2.5557,0.3529E+03,49.989,,5,0.5914E+03,0.4745E+03,0.597,3.26,14:12:49.000
231.52,2.5595,0.3534E+03,49.991,,5,0.5926E+03,0.4757E+03,0.596,3.26,14:12:49.100
230.98,3.0422,0.4747E+03,49.993,,5,0.7027E+03,0.5181E+03,0.676,3.25,14:12:49.200
231.80,2.1359,0.2640E+03,49.992,,5,0.4951E+03,0.4188E+03,0.533,3.29,14:12:49.300
231.91,1.8959,0.2168E+03,49.996,,5,0.4397E+03,0.3825E+03,0.493,3.22,14:12:49.400
231.95,1.9112,0.2266E+03,49.995,,5,0.4433E+03,0.3810E+03,0.511,3.11,14:12:49.500
231.63,2.3798,0.3173E+03,49.998,,5,0.5512E+03,0.4507E+03,0.576,3.16,14:12:49.600
231.00,3.0487,0.4761E+03,50.003,,5,0.7042E+03,0.5189E+03,0.676,3.28,14:12:49.700
231.56,2.5631,0.3539E+03,49.996,,5,0.5935E+03,0.4765E+03,0.596,3.30,14:12:49.800
230.88,3.1696,0.5124E+03,49.994,,5,0.7318E+03,0.5225E+03,0.700,3.24,14:12:49.900
230.91,3.0517,0.4774E+03,49.994,,5,0.7047E+03,0.5183E+03,0.677,3.24,14:12:50.000
231.45,2.5671,0.3556E+03,49.995,,5,0.5942E+03,0.4760E+03,0.599,3.22,14:12:50.100
230.92,3.0588,0.4792E+03,49.995,,5,0.7063E+03,0.5189E+03,0.678,3.34,14:12:50.200
230.74,3.0514,0.4772E+03,49.993,,5,0.7041E+03,0.5177E+03,0.678,3.07,14:12:50.300
231.27,2.5670,0.3554E+03,49.995,,5,0.5937E+03,0.4756E+03,0.599,3.30,14:12:50.400
230.79,3.0560,0.4782E+03,49.997,,5,0.7053E+03,0.5184E+03,0.678,3.28,14:12:50.500
231.37,2.5719,0.3565E+03,49.991,,5,0.5951E+03,0.4764E+03,0.599,3.28,14:12:50.600
231.42,2.5833,0.3593E+03,49.991,,5,0.5978E+03,0.4778E+03,0.601,3.27,14:12:50.700
231.49,2.4895,0.3486E+03,49.998,,5,0.5763E+03,0.4589E+03,0.605,3.29,14:12:50.800
230.84,3.1854,0.5146E+03,49.998,,5,0.7353E+03,0.5252E+03,0.700,3.19,14:12:50.900
231.33,2.6650,0.3867E+03,50.000,,5,0.6165E+03,0.4801E+03,0.627,3.24,14:12:51.000
230.97,2.9211,0.4376E+03,49.996,,5,0.6747E+03,0.5135E+03,0.649,3.33,14:12:51.100
230.58,3.2956,0.5394E+03,49.996,,5,0.7599E+03,0.5353E+03,0.710,3.27,14:12:51.200
230.98,2.9462,0.4529E+03,50.000,,5,0.6805E+03,0.5079E+03,0.666,3.21,14:12:51.300
230.41,3.4201,0.5922E+03,49.995,,5,0.7880E+03,0.5199E+03,0.752,3.12,14:12:51.400
229.12,4.3877,0.9167E+03,49.994,,5,1.0053E+03,0.4125E+03,0.912,3.23,14:12:51.500
228.71,4.5903,0.9910E+03,49.999,,5,1.0498E+03,0.3466E+03,0.944,3.26,14:12:51.600
228.59,4.6702,1.0155E+03,49.999,,5,1.0676E+03,0.3293E+03,0.951,3.26,14:12:51.700
228.60,4.7107,1.0277E+03,49.998,,5,1.0769E+03,0.3216E+03,0.954,3.31,14:12:51.800
228.65,4.6108,0.9994E+03,49.997,,5,1.0543E+03,0.3358E+03,0.948,3.25,14:12:51.900
228.76,4.5769,0.9889E+03,50.000,,5,1.0470E+03,0.3440E+03,0.944,3.28,14:12:52.000
228.85,4.5825,0.9909E+03,50.003,,5,1.0487E+03,0.3435E+03,0.945,3.27,14:12:52.100
229.08,4.4245,0.9222E+03,50.005,,5,1.0136E+03,0.4205E+03,0.910,3.25,14:12:52.200
229.01,4.3995,0.9255E+03,50.006,,5,1.0075E+03,0.3983E+03,0.919,3.21,14:12:52.300
229.68,4.0430,0.7870E+03,50.008,,5,0.9286E+03,0.4929E+03,0.847,3.24,14:12:52.400
229.82,3.9687,0.7601E+03,50.009,,5,0.9121E+03,0.5041E+03,0.833,3.30,14:12:52.500
229.82,3.8646,0.7341E+03,50.008,,5,0.8881E+03,0.4999E+03,0.827,3.27,14:12:52.600
229.65,3.9502,0.7668E+03,50.006,,5,0.9072E+03,0.4847E+03,0.845,3.27,14:12:52.700
230.35,3.3798,0.5869E+03,50.009,,5,0.7785E+03,0.5115E+03,0.754,3.19,14:12:52.800
229.72,3.8777,0.7422E+03,50.015,,5,0.8908E+03,0.4926E+03,0.833,3.26,14:12:52.900
230.69,3.1886,0.5236E+03,50.012,,5,0.7356E+03,0.5166E+03,0.712,3.31,14:12:53.000
230.59,3.3070,0.5615E+03,50.010,,5,0.7626E+03,0.5159E+03,0.736,3.27,14:12:53.100
229.91,3.8838,0.7441E+03,50.012,,5,0.8929E+03,0.4936E+03,0.833,3.19,14:12:53.200
230.57,3.3250,0.5672E+03,50.014,,5,0.7666E+03,0.5158E+03,0.740,3.25,14:12:53.300
229.76,3.9388,0.7648E+03,50.013,,5,0.9050E+03,0.4838E+03,0.845,3.21,14:12:53.400
230.71,3.1101,0.4963E+03,50.011,,5,0.7175E+03,0.5182E+03,0.692,3.23,14:12:53.500
232.13,1.6561,0.1766E+03,50.010,,5,0.3844E+03,0.3415E+03,0.459,3.16,14:12:53.600
232.71,0.3348,0.0403E+03,50.010,,5,0.0779E+03,0.0667E+03,0.518,3.24,14:12:53.700
232.55,0.9954,0.0876E+03,50.006,,5,0.2315E+03,0.2143E+03,0.378,3.23,14:12:53.800
231.36,2.5599,0.3532E+03,50.002,,5,0.5923E+03,0.4754E+03,0.596,3.25,14:12:53.900
230.78,3.0405,0.4745E+03,50.004,,5,0.7017E+03,0.5170E+03,0.676,3.23,14:12:54.000
231.36,2.5557,0.3527E+03,50.007,,5,0.5913E+03,0.4746E+03,0.596,3.24,14:12:54.100
230.79,3.0424,0.4750E+03,50.004,,5,0.7022E+03,0.5171E+03,0.676,3.34,14:12:54.200
230.88,3.0433,0.4752E+03,49.998,,5,0.7026E+03,0.5176E+03,0.676,3.04,14:12:54.300
231.30,2.5576,0.3524E+03,50.002,,5,0.5916E+03,0.4751E+03,0.596,3.19,14:12:54.400
230.95,2.9382,0.4485E+03,50.005,,5,0.6786E+03,0.5093E+03,0.661,3.24,14:12:54.500
231.48,2.4125,0.3270E+03,50.001,,5,0.5584E+03,0.4527E+03,0.586,3.38,14:12:54.600
231.44,2.4102,0.3262E+03,50.003,,5,0.5578E+03,0.4525E+03,0.585,3.20,14:12:54.700
230.86,2.9292,0.4466E+03,50.006,,5,0.6763E+03,0.5078E+03,0.660,3.18,14:12:54.800
231.74,1.9365,0.2340E+03,50.005,,5,0.4488E+03,0.3829E+03,0.521,3.26,14:12:54.900
231.87,1.8337,0.2091E+03,50.004,,5,0.4252E+03,0.3702E+03,0.492,3.18,14:12:55.000
232.02,1.8228,0.2039E+03,50.000,,5,0.4229E+03,0.3706E+03,0.482,3.11,14:12:55.100
231.62,2.3380,0.3108E+03,50.002,,5,0.5415E+03,0.4435E+03,0.574,3.17,14:12:55.200
231.01,2.9391,0.4489E+03,50.006,,5,0.6790E+03,0.5094E+03,0.661,3.24,14:12:55.300
231.58,2.4190,0.3281E+03,49.999,,5,0.5602E+03,0.4541E+03,0.586,3.23,14:12:55.400
231.60,2.4208,0.3288E+03,49.999,,5,0.5607E+03,0.4541E+03,0.586,3.21,14:12:55.500
231.05,2.9458,0.4511E+03,50.005,,5,0.6806E+03,0.5097E+03,0.663,3.26,14:12:55.600
231.61,2.4219,0.3296E+03,50.006,,5,0.5609E+03,0.4539E+03,0.588,3.25,14:12:55.700
230.95,3.0587,0.4785E+03,50.004,,5,0.7064E+03,0.5196E+03,0.677,3.35,14:12:55.800
230.85,3.0560,0.4778E+03,50.000,,5,0.7055E+03,0.5190E+03,0.677,3.04,14:12:55.900
231.38,2.5655,0.3550E+03,50.002,,5,0.5936E+03,0.4758E+03,0.598,3.23,14:12:56.000
230.90,3.0558,0.4777E+03,50.004,,5,0.7056E+03,0.5193E+03,0.677,3.28,14:12:56.100
231.44,2.5696,0.3559E+03,49.997,,5,0.5947E+03,0.4765E+03,0.598,3.29,14:12:56.200
231.37,2.5672,0.3550E+03,49.997,,5,0.5940E+03,0.4762E+03,0.598,3.31,14:12:56.300
230.67,3.2037,0.5187E+03,50.002,,5,0.7390E+03,0.5264E+03,0.702,3.17,14:12:56.400
231.30,2.5668,0.3545E+03,50.001,,5,0.5937E+03,0.4763E+03,0.597,3.17,14:12:56.500
231.21,2.6575,0.3851E+03,49.998,,5,0.6144E+03,0.4788E+03,0.627,3.22,14:12:56.600
231.16,2.9195,0.4373E+03,49.998,,5,0.6749E+03,0.5140E+03,0.648,3.25,14:12:56.700
230.75,3.2931,0.5390E+03,49.997,,5,0.7599E+03,0.5356E+03,0.709,3.23,14:12:56.800
230.94,3.0483,0.4779E+03,50.000,,5,0.7040E+03,0.5169E+03,0.679,3.19,14:12:56.900
230.35,3.5484,0.6229E+03,49.997,,5,0.8174E+03,0.5293E+03,0.762,3.19,14:12:57.000
230.35,3.4761,0.6079E+03,49.997,,5,0.8007E+03,0.5211E+03,0.759,3.10,14:12:57.100
230.61,3.2793,0.5558E+03,50.002,,5,0.7562E+03,0.5128E+03,0.735,3.27,14:12:57.200
230.47,3.2916,0.5614E+03,50.002,,5,0.7586E+03,0.5102E+03,0.740,3.26,14:12:57.300
229.79,3.8973,0.7436E+03,50.002,,5,0.8956E+03,0.4990E+03,0.830,3.41,14:12:57.400
229.84,3.8903,0.7419E+03,50.000,,5,0.8941E+03,0.4990E+03,0.830,3.25,14:12:57.500
230.62,3.3271,0.5641E+03,50.003,,5,0.7673E+03,0.5202E+03,0.735,3.17,14:12:57.600
231.15,2.9798,0.4540E+03,50.001,,5,0.6888E+03,0.5180E+03,0.659,3.22,14:12:57.700
232.78,0.4202,0.0526E+03,50.002,,5,0.0978E+03,0.0824E+03,0.538,3.22,14:12:57.800
232.75,0.2854,0.0336E+03,50.002,,5,0.0664E+03,0.0573E+03,0.505,3.24,14:12:57.900
232.71,0.2838,0.0333E+03,50.001,,5,0.0660E+03,0.0570E+03,0.504,3.27,14:12:58.000
232.67,0.2828,0.0330E+03,50.000,,5,0.0658E+03,0.0569E+03,0.502,3.13,14:12:58.100
232.63,0.2870,0.0329E+03,49.999,,5,0.0668E+03,0.0581E+03,0.492,3.18,14:12:58.200
232.61,0.1853,0.0186E+03,49.997,,5,0.0431E+03,0.0389E+03,0.432,3.21,14:12:58.300
232.65,0.1837,0.0183E+03,49.997,,5,0.0427E+03,0.0386E+03,0.427,3.23,14:12:58.400
232.68,0.1825,0.0181E+03,49.999,,5,0.0425E+03,0.0384E+03,0.427,3.19,14:12:58.500
232.69,0.1822,0.0182E+03,50.001,,5,0.0424E+03,0.0383E+03,0.429,3.20,14:12:58.600
nan,nan,nan,nan,,500E-03,nan,nan,nan,nan,14:12:58.700
nan,nan,nan,nan,,500E-03,nan,nan,nan,nan,14:12:58.800
nan,nan,nan,nan,,500E-03,nan,nan,nan,nan,14:12:58.900
232.76,180.47E-03,18.04,50.000,,500E-03,42.01,37.93,0.429,3.21,14:12:59.000
232.78,178.79E-03,17.46,50.000,,500E-03,41.62,37.78,0.419,3.21,14:12:59.100
230.21,179.15E-03,16.90,50.001,,500E-03,41.24,37.62,0.410,3.15,14:12:59.200
232.76,181.38E-03,17.78,49.999,,500E-03,42.22,38.29,0.421,3.15,14:12:59.300
232.80,180.54E-03,17.78,49.999,,500E-03,42.03,38.08,0.423,3.23,14:12:59.400
232.75,179.52E-03,17.66,49.999,,500E-03,41.78,37.87,0.423,3.18,14:12:59.500
232.74,178.49E-03,17.45,49.997,,500E-03,41.54,37.70,0.420,3.17,14:12:59.600
232.67,180.61E-03,17.76,49.997,,500E-03,42.02,38.09,0.423,3.19,14:12:59.700
232.60,181.28E-03,17.79,49.998,,500E-03,42.16,38.23,0.422,3.19,14:12:59.800
232.52,179.84E-03,17.65,49.997,,500E-03,41.82,37.91,0.422,3.20,14:12:59.900
232.54,179.56E-03,17.68,49.998,,500E-03,41.76,37.83,0.423,3.23,14:13:00.000
232.54,180.29E-03,17.75,49.999,,500E-03,41.92,37.98,0.423,3.25,14:13:00.100
232.57,179.65E-03,17.71,49.999,,500E-03,41.78,37.84,0.424,3.24,14:13:00.200
232.63,181.01E-03,17.81,50.004,,500E-03,42.11,38.16,0.423,3.24,14:13:00.300
232.71,179.98E-03,17.69,50.005,,500E-03,41.88,37.96,0.422,3.28,14:13:00.400
232.70,180.37E-03,17.75,50.004,,500E-03,41.97,38.04,0.423,3.25,14:13:00.500
232.69,180.21E-03,17.72,50.002,,500E-03,41.93,38.01,0.423,3.19,14:13:00.600
232.69,180.60E-03,17.74,50.001,,500E-03,42.02,38.09,0.422,3.25,14:13:00.700
232.63,179.21E-03,17.58,50.001,,500E-03,41.69,37.80,0.422,3.24,14:13:00.800
232.57,180.35E-03,17.72,50.001,,500E-03,41.94,38.02,0.422,3.24,14:13:00.900
232.60,179.91E-03,17.65,50.000,,500E-03,41.85,37.94,0.422,3.21,14:13:01.000
232.71,179.95E-03,17.77,49.998,,500E-03,41.88,37.92,0.424,3.20,14:13:01.100
232.73,179.67E-03,17.72,49.999,,500E-03,41.81,37.87,0.424,3.23,14:13:01.200
232.73,179.96E-03,17.74,49.997,,500E-03,41.88,37.94,0.424,3.25,14:13:01.300
232.76,179.44E-03,17.73,49.996,,500E-03,41.77,37.82,0.424,3.23,14:13:01.400
232.63,178.95E-03,17.58,49.996,,500E-03,41.63,37.74,0.422,3.21,14:13:01.500
232.57,179.33E-03,17.61,49.996,,500E-03,41.71,37.81,0.422,3.23,14:13:01.600
232.52,179.93E-03,17.68,49.995,,500E-03,41.84,37.92,0.423,3.25,14:13:01.700
232.49,179.22E-03,17.63,49.997,,500E-03,41.67,37.76,0.423,3.24,14:13:01.800
232.58,180.55E-03,17.81,49.994,,500E-03,41.99,38.03,0.424,3.27,14:13:01.900
232.63,180.11E-03,17.71,49.996,,500E-03,41.90,37.97,0.423,3.27,14:13:02.000
232.70,179.77E-03,17.72,49.997,,500E-03,41.83,37.89,0.424,3.26,14:13:02.100
232.66,180.10E-03,17.76,49.996,,500E-03,41.90,37.95,0.424,3.25,14:13:02.200
232.73,180.31E-03,17.76,49.995,,500E-03,41.96,38.02,0.423,3.25,14:13:02.300
232.61,179.56E-03,17.56,49.995,,500E-03,41.77,37.90,0.421,3.23,14:13:02.400
232.53,181.14E-03,17.73,49.995,,500E-03,42.12,38.21,0.421,3.24,14:13:02.500
232.60,180.87E-03,17.73,49.996,,500E-03,42.07,38.15,0.421,3.24,14:13:02.600
232.68,180.93E-03,17.75,49.995,,500E-03,42.10,38.17,0.422,3.23,14:13:02.700
232.64,180.20E-03,17.66,49.994,,500E-03,41.92,38.02,0.421,3.22,14:13:02.800
232.69,181.10E-03,17.78,49.999,,500E-03,42.14,38.21,0.422,3.22,14:13:02.900
232.71,180.49E-03,17.70,49.998,,500E-03,42.00,38.09,0.421,3.21,14:13:03.000
232.72,180.09E-03,17.69,49.998,,500E-03,41.91,37.99,0.422,3.22,14:13:03.100
232.72,179.76E-03,17.66,49.999,,500E-03,41.83,37.92,0.422,3.26,14:13:03.200
232.70,180.35E-03,17.69,49.998,,500E-03,41.97,38.06,0.421,3.21,14:13:03.300
232.71,179.93E-03,17.69,49.997,,500E-03,41.87,37.95,0.423,3.24,14:13:03.400
232.58,180.39E-03,17.64,49.998,,500E-03,41.96,38.07,0.420,3.26,14:13:03.500
232.59,180.77E-03,17.69,49.998,,500E-03,42.05,38.14,0.421,3.25,14:13:03.600
232.65,180.79E-03,17.74,49.999,,500E-03,42.06,38.13,0.422,3.22,14:13:03.700
232.68,180.01E-03,17.68,49.997,,500E-03,41.89,37.97,0.422,3.23,14:13:03.800
232.65,179.87E-03,17.67,49.996,,500E-03,41.85,37.93,0.422,3.27,14:13:03.900
232.62,180.68E-03,17.67,49.996,,500E-03,42.03,38.13,0.421,3.21,14:13:04.000
232.52,180.57E-03,17.63,49.996,,500E-03,41.99,38.11,0.420,3.22,14:13:04.100
232.50,180.09E-03,17.67,49.994,,500E-03,41.87,37.96,0.422,3.22,14:13:04.200
232.61,180.52E-03,17.79,49.994,,500E-03,41.99,38.04,0.424,3.23,14:13:04.300
232.62,179.81E-03,17.70,49.995,,500E-03,41.83,37.90,0.423,3.23,14:13:04.400
232.54,180.14E-03,17.65,49.994,,500E-03,41.89,37.99,0.421,3.25,14:13:04.500
232.62,180.59E-03,17.77,49.993,,500E-03,42.01,38.07,0.423,3.23,14:13:04.600
232.68,179.93E-03,17.72,49.994,,500E-03,41.87,37.93,0.423,3.20,14:13:04.700
232.68,179.90E-03,17.68,49.994,,500E-03,41.86,37.94,0.422,3.26,14:13:04.800
232.68,179.87E-03,17.73,49.993,,500E-03,41.85,37.91,0.424,3.23,14:13:04.900
232.67,179.46E-03,17.66,49.993,,500E-03,41.75,37.84,0.423,3.21,14:13:05.000
232.71,180.01E-03,17.69,49.992,,500E-03,41.89,37.97,0.422,3.24,14:13:05.100
232.66,179.53E-03,17.69,49.993,,500E-03,41.77,37.84,0.423,3.27,14:13:05.200
232.63,179.33E-03,17.67,49.994,,500E-03,41.72,37.79,0.424,3.22,14:13:05.300
232.60,179.30E-03,17.64,49.994,,500E-03,41.71,37.79,0.423,3.22,14:13:05.400
232.63,180.18E-03,17.72,49.995,,500E-03,41.92,37.98,0.423,3.26,14:13:05.500
232.62,180.31E-03,17.73,49.996,,500E-03,41.94,38.01,0.423,3.24,14:13:05.600
232.65,180.24E-03,17.71,49.995,,500E-03,41.93,38.01,0.422,3.21,14:13:05.700
232.65,179.96E-03,17.70,49.994,,500E-03,41.87,37.94,0.423,3.24,14:13:05.800
